Product_Name,Selling Price,MRP,Items Bought Last Month,Ratings,Numeric_Ratings,Total Ratings,Brand,Offer%
EOS 1500D 24.1 Digital SLR Camera (Black) with EF S18-55 is II Lens,37989.0,41995,100,"4.4 out of 5 stars 9,813",4.4,9813,EOS,9.54
EOS 1500D 24.1 Digital SLR Camera (Black) with EF S18-55 is II Lens & SanDisk Extreme Pro SD UHS I 128GB Card for 4K Video for DSLR and Mirrorless Cameras 200MB/s Read & 90MB/s Write,39888.0,47295,100,"4.4 out of 5 stars 9,813",4.4,9813,EOS,15.66
EOS 1500D 24.1 Digital SLR Camera (Black) with EF S18-55 is II Lens & SanDisk Extreme SD UHS I 128GB Card for 4K Video for DSLR and Mirrorless Cameras 180MB/s Read & 90MB/s Write,39518.0,45695,100,"4.4 out of 5 stars 9,813",4.4,9813,EOS,13.52
Z50 Mirrorless Camera with Z DX 16-50mm f/3.5-6.3 VR & Z DX 50-250mm f/4.5-6.3 VR Lens with Additional Battery,88989.0,105995,100,4.2 out of 5 stars 127,4.2,127,Z50,16.04
Digital Camera EOS R50 RF-S18-45mm is STM (Black),69989.0,75995,100,4.4 out of 5 stars 35,4.4,35,Nikon,7.9
"EOS 3000D 18MP Digital SLR Camera (Black) with 18-55mm is II Lens, 16GB Card and Carry Case",35990.0,0,100,4.2 out of 5 stars 163,4.2,163,EOS,0.0
M50 Mark II 15-45mm f3.5-6.3 is STM Digital Zoom Camera (Black) & DYAZO Water Resistant Camera Bag/Case Shoulder Strap Space for Photography Lens and Accessories Compatible,57588.0,68494,100,4.6 out of 5 stars 61,4.6,61,M50,15.92
EOS 200D II 24.1MP Digital SLR Camera + EF-S 18-55mm f4 is STM Lens (Black),64986.0,68995,100,"4.5 out of 5 stars 1,260",4.5,1260,EOS,5.81
"EOS 1500D 24.1 Digital SLR Camera (Black) with EF S18-55 is II Lens & SanDisk Ultra UHS I 64GB SD Card 140MB/s for DSLR and Mirrorless Cameras, 10Y Warranty",38678.0,43245,100,"4.4 out of 5 stars 9,813",4.4,9813,EOS,10.56
M50 Mark II 15-45mm f3.5-6.3 is STM Digital Zoom Camera (Black),56989.0,66995,50,4.5 out of 5 stars 715,4.5,715,M50,14.94
RP Body Digital Camera [Black],82988.0,94995,100,3.9 out of 5 stars 45,3.9,45,RP,12.64
M50 Mark II 15-45mm f3.5-6.3 is STM Digital Zoom Camera (Black) & SanDisk Extreme SD UHS I 128GB Card for 4K Video for DSLR and Mirrorless Cameras 180MB/s Read & 90MB/s Write,58518.0,70695,100,4.6 out of 5 stars 61,4.6,61,M50,17.22
EOS 1500D 24.1 Digital SLR Camera (Black) with EF S18-55 is II Lens & SanDisk Extreme SD UHS I 64GB Card for 4K Video for DSLR and Mirrorless Cameras 170MB/s Read & 80MB/s Write,38878.0,43795,100,"4.4 out of 5 stars 9,813",4.4,9813,EOS,11.23
Digital Camera EOS R50 RF-S18-45mm is STM + RF-S55-210mm is STM Kit,89989.0,97995,100,5.0 out of 5 stars 1,5.0,1,Nikon,8.17
"EOS R8 Full-Frame Mirrorless Camera (Body Only) with 24.2 MP, 4K Video, DIGIC X Image Processor (Black)",131198.0,142995,100,4.1 out of 5 stars 8,4.1,8,EOS,8.25
EOS 1500D 24.1 Digital SLR Camera (Black) with EF S18-55 is II Lens & SanDisk Extreme SD UHS I 32GB Card for 4K Video for DSLR and Mirrorless Cameras 100MB/s Read & 60MB/s Write,38678.0,43195,100,"4.4 out of 5 stars 9,813",4.4,9813,EOS,10.46
Digital Camera EOS R100 RF-S18-45mm is STM Kit (Black),48790.0,64995,100,4.2 out of 5 stars 29,4.2,29,Fujifilm,24.93
M50 Mark II 15-45mm f3.5-6.3 is STM Digital Zoom Camera (Black) & SanDisk Extreme Pro SD UHS I 128GB Card for 4K Video for DSLR and Mirrorless Cameras 200MB/s Read & 90MB/s Write,58888.0,72295,100,4.6 out of 5 stars 61,4.6,61,M50,18.54
"EOS R10 24.2MP Mirrorless Digital Camera with RF-S18-45mm Kit Lens (APS-C Sensor, 23 FPS, Next Gen Auto Focus, Next Level Image Stabilisation, 4K) – Black",81444.0,90995,100,4.5 out of 5 stars 164,4.5,164,EOS,10.5
D7500 DX-Format Digital SLR Body (Black),72999.0,88950,100,4.6 out of 5 stars 695,4.6,695,D7500,17.93
"EOS R10 24.2MP Mirrorless Digital Camera with RF-S18-150mm Kit Lens (APS-C Sensor, 23 FPS, Next Gen Auto Focus, Next Level Image Stabilisation, 4K) – Black",94799.0,117995,100,4.5 out of 5 stars 104,4.5,104,EOS,19.66
D7500 20.9MP Digital SLR Camera (Black) with AF-S DX NIKKOR 18-140mm f/3.5-5.6G ED VR Lens,86990.0,94950,100,4.5 out of 5 stars 451,4.5,451,D7500,8.38
"Eos R10 24.2Mp Mirrorless Digital Camera with Rf-S18-150Mm Kit Lens (Aps-C Sensor&Sandisk Extreme Pro Sd Uhs I 128Gb Card for 4K Video for DSLR&Mirrorless Cameras 200Mb/S Read,Black",96698.0,123295,100,"4.4 out of 5 stars 9,813",4.4,9813,EOS,21.57
M50 Mark II 15-45mm f3.5-6.3 is STM Digital Zoom Camera (Black) & EF50MM F/1.8 STM Lens for Canon DSLR Cameras,66978.0,76990,100,4.6 out of 5 stars 61,4.6,61,M50,13.0
Digital Camera Z 30 kit with NIKKOR Z DX 16-50mm f/3.5-6.3 VR & NIKKOR Z DX 50-250mm f/4.5-6.3 VR - Black with Camera Bag & 64 GB SD Card,79989.0,94495,100,4.1 out of 5 stars 23,4.1,23,Sony,15.35
M50 Mark II 15-45mm f3.5-6.3 is STM Digital Zoom Camera (Black) & SanDisk Extreme Pro SD UHS I 256GB Card for 4K Video for DSLR and Mirrorless Cameras 200MB/s Read & 140MB/s Write,60788.0,77495,100,4.6 out of 5 stars 61,4.6,61,M50,21.56
"EOS 1500D 24.1 Digital SLR Camera (Black) with EF S18-55 is II Lens & SanDisk Ultra UHS I 128GB SD Card 140MB/s for DSLR and Mirrorless Cameras, 10Y Warranty",39208.0,44395,100,"4.4 out of 5 stars 9,813",4.4,9813,EOS,11.68
EOS 1500D 24.1MP Digital SLR Camera (Black) with 18-55 and 55-250mm is II Lens,69900.0,0,100,"4.5 out of 5 stars 1,752",4.5,1752,EOS,0.0
Alpha ILCE-6100Y 24.2 MP Mirrorless Digital SLR Camera with 16-50 mm and 55-210 mm Zoom Lenses & SanDisk Extreme Pro SD UHS I 128GB Card for 4K Video for DSLR and Mirrorless,80887.0,95290,100,5.0 out of 5 stars 1,5.0,1,Alpha,15.11
M50 Mark II 15-45mm f3.5-6.3 is STM Digital Zoom Camera (Black) & SanDisk Extreme SD UHS I 256GB Card for 4K Video for DSLR and Mirrorless Cameras 180MB/s Read & 130MB/s Write,59729.0,72195,100,4.6 out of 5 stars 61,4.6,61,M50,17.27
Digital Camera Z 30 kit with NIKKOR Z DX 16-50mm f/3.5-6.3 VR - Black,63890.0,73495,100,4.3 out of 5 stars 40,4.3,40,Sony,13.07
Dk-25 Eyecup Eye Rubber Cap for DSLR Camera Nikon D5100/D5200/D5300/D5500/D5500/D5600 (Pack of 2),290.0,449,100,4.4 out of 5 stars 2,4.4,2,Fujifilm,35.41
(Refurbished) Canon EOS 1500D Digital SLR Camera (Black) with EF S18-55 is II Lens/Camera Case,299.0,399,100,3.8 out of 5 stars 92,3.8,92,Fujifilm,25.06
"Camera Z 6II + NIKKOR Z 24-120mm F/4 S Lens with Additional Battery, Optical Zoom, Black - High-Performance Photography Bundle",229990.0,257990,100,"4.4 out of 5 stars 9,813",4.4,9813,Sony,10.85
Dk-25 Eyecup Eye Rubber Cap for DSLR Camera Nikon D5100/D5200/D5300/D5500/D5500/D5600,195.0,399,100,5.0 out of 5 stars 1,5.0,1,Fujifilm,51.13
Digital Camera EOS R6 Mark II Body,203990.0,243995,100,"4.4 out of 5 stars 9,813",4.4,9813,Fujifilm,16.4
MIRRORLESS Z F Camera Body ONLY,175498.0,176995,100,"4.4 out of 5 stars 9,813",4.4,9813,Fujifilm,0.85
Digital Camera EOS R50 RF-S18-45mm is STM Kit (White),73989.0,75995,100,5.0 out of 5 stars 1,5.0,1,Sony,2.64
"EOS 1500D 24.1 Digital SLR Camera (Black) with EF S18-55 is II Lens & Digitek Portable Lightweight Aluminum Tripod for DSLR Cameras & Smartphones with Operating Ht. 4.75 Ft, Max",38888.0,43790,100,"4.4 out of 5 stars 9,813",4.4,9813,EOS,11.19
"Z50 Mirrorless Camera Body Only with Additional Battery & 64 GB SD Card, Optical Zoom, Black & Nikon NIKKOR Z 24-200MM F/4-6.3 VR Lens (Black)",130017.0,143990,100,3.4 out of 5 stars 5,3.4,5,Z50,9.7
Alpha ILCE-6400M 24.2MP Mirrorless Digital SLR Camera (Black) with 18-135mm Power Zoom Lens & SanDisk Extreme Pro SD UHS I 128GB Card for 4K Video for DSLR and Mirrorless Cameras 200MB/s Read,104887.0,121790,100,4.0 out of 5 stars 1,4.0,1,Alpha,13.88
"EOS 1500D 24.1 Digital SLR Camera (Black) with EF S18-55 is II Lens & SanDisk Ultra SDHC UHS-I Card 32GB 120MB/s R for DSLR Cameras, for Full HD Recording, 10Y Warranty",38439.0,42795,100,"4.4 out of 5 stars 9,813",4.4,9813,EOS,10.18
"Mirrorless Z6 II Body Only with Additional Battery, Optical Zoom, Black",144988.0,164995,100,4.4 out of 5 stars 9,4.4,9,Fujifilm,12.13
D7500 DX-Format Digital SLR Body (Black) & Nikon Af-S Dx Nikkor 35 Mm F/1.8G Prime Lens for Digital SLR Camera (Black),89989.0,106950,100,5.0 out of 5 stars 2,5.0,2,D7500,15.86
"EOS R8 Full-Frame Mirrorless Camera, RF24-50mm F4.5-6.3 is STM with 24.2 MP, 4K Video, DIGIC X Image Processor-Black",152989.0,161995,100,4.3 out of 5 stars 3,4.3,3,EOS,5.56
"EOS 1500D 24.1 Digital SLR Camera (Black) with EF S18-55 is II Lens & DIGITEK® (DTR 260 GT) Gorilla Tripod/Mini 33 CM & Remote, Flexible Gorilla Stand for DSLR & Action Cameras",38366.0,42990,100,"4.4 out of 5 stars 9,813",4.4,9813,EOS,10.76
"(Refurbished) Sony Alpha ILCE 6100L 24.2 MP Mirrorless Camera with 16-50 mm Power Zoom Lens (APS-C Sensor, Fast Auto Focus, Real-time Eye AF, Real-time Tracking, 4K Vlogging Camera & Tiltable Screen)",56999.0,66988,100,"4.4 out of 5 stars 9,813",4.4,9813,Nikon,14.91
"Mirrorless Z7 II Body Only with Additional Battery, Optical Zoom (Black)",234989.0,249995,100,5.0 out of 5 stars 1,5.0,1,Sony,6.0
"EOS R7 32.5MP Mirrorless Digital Camera with RF-S18-150mm Kit Lens (APS-C Sensor, 30 FPS, Next Gen Auto Focus, Next Level Image Stabilisation, 4K) – Black",164699.0,205980,100,4.5 out of 5 stars 125,4.5,125,EOS,20.04
"EOS R7 32.5MP Mirrorless Digital Camera with RF-S18-150mm Kit Lens (APS-C Sensor, 30 FPS, Next Gen Auto Focus, Next Level Image Stabilisation, 4K) – Black",164699.0,0,100,4.5 out of 5 stars 125,4.5,125,EOS,0.0
"Alpha ILCE-6400M 24.2MP Mirrorless Digital SLR Camera (Black) with 18-135mm Power Zoom Lens (APS-C Sensor, Real-Time Eye Auto Focus & E 20mm f/1.8 G Lens (SEL20F18G) Lens Black",176879.0,205980,100,"4.4 out of 5 stars 9,813",4.4,9813,Alpha,14.13
Alpha ILCE-6400L 24.2MP Mirrorless Camera (Black) with 16-50mm Power Zoom Lens & SanDisk Extreme Pro SD UHS I 128GB Card for 4K Video for DSLR and Mirrorless Cameras 200MB/s Read & 90MB/s Write,81798.0,96290,100,"4.4 out of 5 stars 9,813",4.4,9813,Alpha,15.05
Digital Camera EOS R6 Mark II with 24-105 STM Kit Black,237298.0,271995,100,"4.4 out of 5 stars 9,813",4.4,9813,Nikon,12.76
"Alpha ZV-E10 24.2 Mega Pixel Interchangeable-Lens Mirrorless vlog Camera 4K Movie Recording Body Only – Black with Sony ECM-G1 Shotgun Microphone, Super-Cardioid, Compact Sound Ideal for YouTube",61487.0,69780,100,"4.4 out of 5 stars 9,813",4.4,9813,Alpha,11.88
Digital Camera EOS R6 Mark II with 24-105 USM Kit Black,299989.0,343995,100,5.0 out of 5 stars 1,5.0,1,Fujifilm,12.79
Alpha ILCE 6100L 24.2 MP Mirrorless Digital SLR Camera with 16-50 mm Power Zoom Lens & SanDisk Extreme Pro SD UHS I 128GB Card for 4K Video for DSLR and Mirrorless,68887.0,81290,100,"4.4 out of 5 stars 9,813",4.4,9813,Alpha,15.26
"Z30 Kit with Z Dx 18-140Mm Lens,64Gb Uhs-I Sd Card,Bag,&Mh-32-Creator-Ready Digital Camera,Black",85500.0,97795,100,3.0 out of 5 stars 2,3.0,2,Fujifilm,12.57
EOS 1500D 24.1 Digital SLR Camera (Black) with EF S18-55 is II Lens & M.G.R.J® Tempered Glass Screen Protector for Canon EOS 1500D / 1300D / 1200D,38273.0,42994,100,"4.4 out of 5 stars 9,813",4.4,9813,EOS,10.98
Dk-25 Eyecup Eye Rubber Cap for DSLR Camera Nikon D5100/D5200/D5300/D5500/D5500/D5600 (Pack of 2),299.0,449,100,3.4 out of 5 stars 3,3.4,3,Sony,33.41
"Z 9 Digital Camera Body Only - Decisive Moments, Extreme Conditions: Capture Still or Video with Confidence Black",414999.0,475995,100,"4.4 out of 5 stars 9,813",4.4,9813,Fujifilm,12.81
Alpha ILCE-6400L 24.2MP Mirrorless Camera (Black) with 16-50mm Power Zoom Lens & SanDisk Extreme SD UHS I 64GB Card for 4K Video for DSLR and Mirrorless Cameras 170MB/s Read & 80MB/s Write,80788.0,92790,100,"4.4 out of 5 stars 9,813",4.4,9813,Alpha,12.93
Alpha ZV-E10L 24.2 Mega Pixel Interchangeable-Lens Mirrorless vlog Camera with 16-50 mm Lens & SanDisk Extreme Pro SD UHS I 256GB Card for 4K Video for DSLR,65288.0,80490,100,"4.4 out of 5 stars 9,813",4.4,9813,Alpha,18.89
Z30 Mirrorless Camera Body Only with Camera Bag & 64 GB SD Card,50311.0,59895,100,5.0 out of 5 stars 1,5.0,1,Nikon,16.0
De-TechInn DK-21 Eyecup/Eye Rubber Cap for Nikon Camera D-7000,299.0,399,100,4.0 out of 5 stars 1,4.0,1,Nikon,25.06
Z50 Mirrorless Camera with DX 18-140MM f/3.5-6.3 VR,117042.0,128490,100,"4.4 out of 5 stars 9,813",4.4,9813,Z50,8.91
Alpha ILCE 6100L 24.2 MP Mirrorless Digital SLR Camera with 16-50 mm Power Zoom Lens & SanDisk Extreme SD UHS I 128GB Card for 4K Video for DSLR and Mirrorless Cameras 180MB/s Read & 90MB/s Write,68517.0,79690,100,"4.4 out of 5 stars 9,813",4.4,9813,Alpha,14.02
EOS R10 24.2MP Mirrorless Digital Camera with RF-S18-45mm Kit Lens & SanDisk Extreme Pro SD UHS I 128GB Card for 4K Video for DSLR and Mirrorless Cameras 200MB/s Read & 90MB/s Write,83343.0,96295,100,"4.4 out of 5 stars 9,813",4.4,9813,EOS,13.45
"Mirrorless Z7 II Body with 24-70mm Lens with Additional Battery, Optical Zoom, Black",235000.0,249995,100,3.2 out of 5 stars 2,3.2,2,Fujifilm,6.0
EOS M50 Mark II + EF-M 15-45mm is STM Kit Black,299.0,399,100,"4.7 out of 5 stars 1,635",4.7,1635,EOS,25.06
"Alpha ILCE-6400 24.2MP Mirrorless Digital SLR Camera Body (APS-C Sensor, Real-Time Ey & Sony E-Mount 70350 Mm F4.56.3 G OSS (Sel70350G) Lens Black (Compact Aps-C Super Telephoto Zoom G Lens)",141476.0,161480,100,"4.4 out of 5 stars 9,813",4.4,9813,Alpha,12.39
"Alpha ILCE-6400 24.2MP Mirrorless Digital SLR Camera Body (APS-C Sensor, Real-Time Eye Auto Focus, 4K Vlogging Camera, Tiltable LCD) - Black & SELP18105G E Mount APS-C 18-105 mm",112276.0,127980,100,"4.4 out of 5 stars 9,813",4.4,9813,Alpha,12.27
"EOS R3 Full-Frame Mirrorless Camera Body (30 FPS, Eye Control AF, Upto 8 Stop is, Max ISO 102400, 6K RAW Video) Black",514990.0,537995,100,5.0 out of 5 stars 2,5.0,2,EOS,4.28
"Small Canon Eyecup Eye Cup EF Compatible for Eos 650D, Eos 600D, Eos 550D,Eos 500D, Eos 450D, Eos 400D, Eos 1000D/300D/350D",275.0,399,100,"4.4 out of 5 stars 9,813",4.4,9813,Sony,31.08
"D780 DSLR Body Only, 83x Optical Zoom, Black",57678.0,68245,100,4.5 out of 5 stars 2,4.5,2,Sony,15.48
"D780 DSLR Body Only, 83x Optical Zoom, Black",299.0,399,100,4.5 out of 5 stars 2,4.5,2,Nikon,25.06
"M50 Mark II 15-45mm f3.5-6.3 is STM Digital Zoom Camera (Black) & SanDisk Ultra UHS I 64GB SD Card 140MB/s for DSLR and Mirrorless Cameras, 10Y Warranty",57678.0,68245,100,4.6 out of 5 stars 61,4.6,61,M50,15.48
"Alpha ILCE-7M3K Full-Frame 24.2MP Mirrorless Digital SLR Camera with 28-70mm Zoom Lens & FE 35mm f/1.4 GM Lens, Black, Compact (SEL35F14GM.SYX)",277077.0,326480,100,"4.4 out of 5 stars 9,813",4.4,9813,Alpha,15.13
"(Renewed) Canon EOS 1300D 18MP Digital SLR Camera (Black) with 18-55 and 55-250mm is II Lens, 16GB Card and Carry Case",36535.0,49999,100,3.4 out of 5 stars 4,3.4,4,Sony,26.93
"RX10 IV with 0.03 second auto-focus & 25x optical zoom, Black",131750.0,0,100,4.6 out of 5 stars 293,4.6,293,RX10,0.0
M50 Mark II 15-45mm f3.5-6.3 is STM Digital Zoom Camera (Black) & SanDisk Extreme SD UHS I 64GB Card for 4K Video for DSLR and Mirrorless Cameras 170MB/s Read & 80MB/s Write,57878.0,68795,100,4.6 out of 5 stars 61,4.6,61,M50,15.87
D850 45.7MP Digital SLR Camera (Black) with AF-S Nikkor 24-120mm F/4G ED VR Lens and 64GB Memory Card,299.0,399,100,2.4 out of 5 stars 19,2.4,19,D850,25.06
"Alpha ZV-E10 24.2 Mega Pixel Interchangeable-Lens Mirrorless vlog Camera, Made for Creators & SanDisk Extreme Pro SD UHS I 128GB Card for 4K Video for DSLR",54387.0,64790,100,"4.4 out of 5 stars 9,813",4.4,9813,Alpha,16.06
"Z50 Mirrorless Camera Body Only with Additional Battery & 64 GB SD Card, Optical Zoom, Black",68018.0,72995,100,3.4 out of 5 stars 5,3.4,5,Z50,6.82
"M50 Mark II 15-45mm f3.5-6.3 is STM Digital Zoom Camera (Black) & Digitek DTR 550 LW (67 Inch) Tripod for DSLR, Camera |Operating Height: 5.57 Feet | Maximum Load Capacity up to 4.5kg",58388.0,69490,100,4.6 out of 5 stars 61,4.6,61,M50,15.98
Alpha ILCE 6100L 24.2 MP Mirrorless Digital SLR Camera with 16-50 mm Power Zoom Lens & SanDisk Extreme SD UHS I 64GB Card for 4K Video for DSLR and Mirrorless Cameras 170MB/s Read & 80MB/s Write,67877.0,77790,100,"4.4 out of 5 stars 9,813",4.4,9813,Alpha,12.74
Alpha ZV-E10L 24.2 Mega Pixel Interchangeable-Lens Mirrorless vlog Camera with 16-50 mm Lens & SanDisk Extreme SD UHS I 64GB Card for 4K Video for DSLR and Mirrorless Cameras 170MB/s,62378.0,71790,100,"4.4 out of 5 stars 9,813",4.4,9813,Alpha,13.11
Replacing Zoom Rubber Grip Ring for Nikon Lens AF-S 18-55mm 3.5-5.6 VR II,212.0,1399,100,"4.4 out of 5 stars 9,813",4.4,9813,Fujifilm,84.85
"X100V 26.1 MP Mirrorless Camera with Fixed 23mmF2 Lens (APS-C X-Trans CMOS 4 Sensor, X-Processor 4, Hybrid Viewfinder, LCD Tilt Touchscreen, Face/Eye Detection AF, Film Simulations) - Black",299.0,399,100,4.7 out of 5 stars 491,4.7,491,X100V,25.06
Iris Corrosion Resistant CS 3MP Portable Camera Lens for Digital Camera Length 25mm,5136.0,10272,100,"4.4 out of 5 stars 9,813",4.4,9813,Fujifilm,50.0
"M50 Mark II 15-45mm f3.5-6.3 is STM Digital Zoom Camera (Black) & SanDisk Ultra UHS I 128GB SD Card 140MB/s for DSLR and Mirrorless Cameras, 10Y Warranty",58208.0,69395,100,4.6 out of 5 stars 61,4.6,61,M50,16.12
Alpha ZV-E10L 24.2 Mega Pixel Interchangeable-Lens Mirrorless vlog Camera with 16-50 mm Lens & SanDisk Extreme Pro SD UHS I 128GB Card for 4K Video for DSLR and Mirrorless Cameras,63388.0,75290,100,"4.4 out of 5 stars 9,813",4.4,9813,Alpha,15.81
"M50 Mark II 15-45mm f3.5-6.3 is STM Digital Zoom Camera (Black) & SanDisk Ultra SDHC UHS-I Card 32GB 120MB/s R for DSLR Cameras, for Full HD Recording, 10Y Warranty",57439.0,67795,100,4.6 out of 5 stars 61,4.6,61,M50,15.28
"Small Canon Eyecup Eye Cup EF Compatible for Eos 650D, Eos 600D, Eos 550D,Eos 500D, Eos 450D, Eos 400D, Eos 1000D/300D/350D",299.0,399,100,5.0 out of 5 stars 1,5.0,1,Sony,25.06
(Refurbished) Canon Digital Camera EOS R100 RF-S18-45mm is STM Kit (Black),38990.0,48790,100,"4.4 out of 5 stars 9,813",4.4,9813,Sony,20.09
"(Refurbished) Sony Alpha ILCE 6100 24.2 MP Mirrorless Digital SLR Camera Body only (APS-C Sensor, Fast Auto Focus, Real-time Eye AF, Real-time Tracking, 4K Vlogging Camera, Tiltable LCD, Black)",46999.0,56989,100,"4.4 out of 5 stars 9,813",4.4,9813,Fujifilm,17.53
M50 Mark II 15-45mm f3.5-6.3 is STM Digital Zoom Camera (Black) & SanDisk Extreme Pro SD UHS I 64GB Card for 4K Video for DSLR and Mirrorless Cameras 200MB/s Read & 90MB/s Write,58088.0,69595,100,4.6 out of 5 stars 61,4.6,61,M50,16.53
EOS R6 Mark II Body,528204.0,578204,100,4.7 out of 5 stars 102,4.7,102,EOS,8.65
OMD-EM-10-Mark-IV Mirrorless Digital Camera with Lens 14-150mm f4.0-5.6-II Silver (E-M10M4_14152 Silver),108990.0,111990,100,5.0 out of 5 stars 3,5.0,3,Nikon,2.68
Alpha ZV-E10L 24.2 Mega Pixel Interchangeable-Lens Mirrorless vlog Camera with 16-50 mm Lens & SanDisk Extreme SD UHS I 256GB Card for 4K Video for DSLR and Mirrorless Cameras 180MB/s Read,64229.0,75190,100,4.6 out of 5 stars 30,4.6,30,Alpha,14.58
Alpha ZV-E10L 24.2 Mega Pixel Interchangeable-Lens Mirrorless vlog Camera with 16-50 mm Lens & SanDisk Extreme SD UHS I 256GB Card for 4K Video for DSLR and Mirrorless Cameras 180MB/s Read,64229.0,75190,100,"4.4 out of 5 stars 9,813",4.4,9813,Alpha,14.58
"EOS R50 Mirrorless Vlogging Camera (Body Only/Black), RF Mount, 24.2 MP, 4K Video, DIGIC X Image Processor, Subject Detection & Tracking, Compact, Smartphone Connection, Content Creator",108720.0,145720,100,4.6 out of 5 stars 30,4.6,30,EOS,25.39
"EOS R8 Full-Frame Mirrorless Camera (Body Only), RF Mount, 24.2 MP, 4K Video, DIGIC X Image Processor, Subject Detection & Tracking, Compact, Lightweight, Smartphone Connection, Content Creator",299.0,399,100,4.7 out of 5 stars 96,4.7,96,EOS,25.06
EOS R6 Mark II RF24-105mm F4 L is USM KIT,759271.0,809271,100,4.6 out of 5 stars 19,4.6,19,EOS,6.18
EOS R10 Content Creator Kit,192919.0,229919,100,5.0 out of 5 stars 16,5.0,16,EOS,16.09
"K-3 Mark III Flagship APS-C Black Camera Body - 12fps, Touch Screen LCD, Weather Resistant Magnesium Alloy Body with in-Body 5-Axis Shake Reduction. 1.05x Optical viewfinder with 100% FOV",133995.0,139995,100,"4.4 out of 5 stars 9,813",4.4,9813,K-3,4.29
"(Refurbished) Sony Alpha ILCE-7SM3 Full-Frame Mirrorless Camera Body (4K 120P, 4:2:2 10 bit, ISO 40-409600, high Dynamic Range, Videographers and Content Creators) - Black",250000.0,296988,100,"4.4 out of 5 stars 9,813",4.4,9813,Sony,15.82
"K-3 Mark III Flagship APS-C Black Camera Body - 12fps, Touch Screen LCD, Weather Resistant Magnesium Alloy Body with in-Body 5-Axis Shake Reduction. 1.05x Optical viewfinder with 100% FOV",249305.0,300402,100,4.4 out of 5 stars 35,4.4,35,K-3,17.01
GFX 100S Body Optical Zoom- Black,399999.0,599999,100,4.8 out of 5 stars 38,4.8,38,Nikon,33.33
EOS M50 Mark II Optical (Black) + EF-M 15-45mm & EF-M 55-200mm is STM Bundle,172046.0,210046,100,4.7 out of 5 stars 190,4.7,190,EOS,18.09
"EOS M50 Mark II + EF-M 15-45mm is STM Kit White, Optical Zoom",132070.0,170070,100,"4.7 out of 5 stars 1,635",4.7,1635,EOS,22.34
OM-D E-M10 Mark IV Mirrorless Digital Camera with 14-42mm Lens (Black),102950.0,0,100,3.5 out of 5 stars 9,3.5,9,OM-D,0.0
"EOS R5 Full Frame Mirrorless Camera + RF 24-105mm F4 L is USM Lens Kit, Black (4147C013)",681727.0,732727,100,4.7 out of 5 stars 130,4.7,130,EOS,6.96
EOS 250D (Rebel SL3) DSLR Camera w/ 18-55mm is STM Lens (International Model) (Black),124047.0,161047,100,4.3 out of 5 stars 21,4.3,21,EOS,22.97
OM-D E-M5 Mark III Black Body with Black M.Zuiko Digital ED 12-45mm F4.0 PRO Lens Kit,202433.0,253453,100,4.4 out of 5 stars 20,4.4,20,OM-D,20.13
OM-D E-M1 Mark III Black Body with M.Zuiko Digital ED 12-40mm F2.8 PRO Lens,390337.0,441357,100,3.8 out of 5 stars 15,3.8,15,OM-D,11.56
OM-D E-M1 Mark III Black Camera Body,178990.0,179990,100,4.7 out of 5 stars 157,4.7,157,OM-D,0.56
D780 w/AF-S NIKKOR 24-120mm f/4G ED VR,590792.0,640792,100,4.6 out of 5 stars 169,4.6,169,Sony,7.8
DK-21 Eyecup/Eye Rubber Cap for Nikon Camera D-600,299.0,399,100,"4.4 out of 5 stars 9,813",4.4,9813,Fujifilm,25.06
DK-21 Eyecup/Eye Rubber Cap for Nikon Camera D-300,299.0,399,100,"4.4 out of 5 stars 9,813",4.4,9813,Sony,25.06
DK-21 Eyecup/Eye Rubber Cap for Nikon Camera D-90,299.0,399,100,"4.4 out of 5 stars 9,813",4.4,9813,Nikon,25.06
De-TechInn DK-21 Eyecup/Eye Rubber Cap for Nikon Camera D-300,299.0,399,100,"4.4 out of 5 stars 9,813",4.4,9813,Sony,25.06
De-TechInn DK-21 Eyecup/Eye Rubber Cap for Nikon Camera D-200,299.0,399,100,"4.4 out of 5 stars 9,813",4.4,9813,Fujifilm,25.06
DK-21 Eyecup/Eye Rubber Cap for Nikon Camera D-200,299.0,399,100,"4.4 out of 5 stars 9,813",4.4,9813,Sony,25.06
De-TechInn DK-21 Eyecup/Eye Rubber Cap for Nikon Camera D-90,299.0,399,100,4.7 out of 5 stars 177,4.7,177,Nikon,25.06
De-TechInn DK-21 Eyecup/Eye Rubber Cap for Nikon Camera D-90,299.0,399,100,"4.4 out of 5 stars 9,813",4.4,9813,Sony,25.06
DK-21 Eyecup/Eye Rubber Cap for Nikon Camera D-7000,299.0,399,100,"4.4 out of 5 stars 9,813",4.4,9813,Sony,25.06
Z50 Mirroless Camera Body with NIKKOR Z DX 16-50mm f/3.5-6.3 VR & NIKKOR Z DX 50-250mm f/4.5-6.3 VR Lens Optical with 64GB Card and Jealiot Carry Case (Black),154949.0,192949,100,4.7 out of 5 stars 177,4.7,177,Z50,19.69
Digital Camera EOS Rebel SL3 (BK) Body,102380.0,140380,100,4.6 out of 5 stars 242,4.6,242,Sony,27.07
Opera 50mm F1.4 FF for Canon EF Mount (Nikon F Mount),73140.0,76990,100,4.3 out of 5 stars 8,4.3,8,Nikon,5.0
EOS 2000D (Rebel T7) DSLR Camera + 18-55mm III Kit (International Model),299.0,399,100,"4.7 out of 5 stars 1,396",4.7,1396,EOS,25.06
Store D850 45.7 MP Camera with 1 X Optical Zoom - Black,299.0,399,100,4.8 out of 5 stars 650,4.8,650,Sony,25.06
Konstrutor Do-it-Yourself 35mm Film SLR Camera Kit,299.0,399,100,3.1 out of 5 stars 6,3.1,6,Sony,25.06
Application Controlled Shutter Release for Canon N3 (Black),3957.0,0,100,"4.4 out of 5 stars 9,813",4.4,9813,Nikon,0.0
D7000 16.2MP DX-Format CMOS Digital SLR with 18-105mm f/3.5-5.6 AF-S DX VR ED Nikkor Lens - Black,156265.0,194265,100,4.5 out of 5 stars 314,4.5,314,D7000,19.56
CA-1112-BLK Camera Armor for Canon XTi/400D Digital SLR -Black,5748.0,8219,100,"4.4 out of 5 stars 9,813",4.4,9813,Sony,30.06
"16X High Resolution Digital Zoom Camera, Built-in Fill Light for Kids, Teens and Beginners (Black)",11188.0,13985,100,"4.4 out of 5 stars 9,813",4.4,9813,Fujifilm,20.0
NEE Iris Corrosion Resistant CS 3MP Portable Camera Lens for Digital Camera Length 25mm,3950.0,7900,100,"4.4 out of 5 stars 9,813",4.4,9813,Sony,50.0
"Vlogging Camera, 4K 48MP Digital Photography Camera with 180 Degree 3.2 Inch Flip Screen, Auto Focus Vlogging Camera, Zoom Travel Camera",18473.0,23091,100,"4.4 out of 5 stars 9,813",4.4,9813,Fujifilm,20.0
"Small Digital Camera 4K 48MP 16X Zoom, Anti-Vibration Digital Camera with Wide Angle and 2.7 LCD Screen, Auto Focus Camera for Teens and Kids Beginners (White)",15447.0,19308,100,"4.4 out of 5 stars 9,813",4.4,9813,Fujifilm,20.0
"LCD Screen Compatible with Panasonic DMC-FZ47 FZ48 FZ60 FZ-47 FZ-48 FZ-60 Digital Camera, Camera Screen Repair, no Backlight",8433.0,10541,100,"4.4 out of 5 stars 9,813",4.4,9813,Fujifilm,20.0
"Compatible with Panasonic FZ70 FZ72 FZ70 GF3 GX1 GXR Touch Screen, Digital Camera Touch Screen Repair, Single Touch",6165.0,7706,100,"4.4 out of 5 stars 9,813",4.4,9813,Fujifilm,20.0
Compatible with J10 j12 j15 Digital Camera LCD Camera Accessories Screen Maintenance + Backlight,6165.0,7706,100,"4.4 out of 5 stars 9,813",4.4,9813,Sony,20.0
Flash Speedlite Battery Door Cover Compatible with YN565exIIC YN565exC YN565exN Repair Parts,6327.0,7908,100,"4.4 out of 5 stars 9,813",4.4,9813,Fujifilm,19.99
1pcs Battery Compartment Door Cover Flash Speedlite Compatible with YNE3-RT YN-E3 RT,6327.0,7908,100,"4.4 out of 5 stars 9,813",4.4,9813,Fujifilm,19.99
1PCS Battery Door Holder Cover Flash Part Compatible with YN600EX-RT YN600EX & RT II YN685,6327.0,7908,100,"4.4 out of 5 stars 9,813",4.4,9813,Fujifilm,19.99
USB/HDMI DC in/Video Out Rubber Door Bottom Cover Compatible with Canon 5D Mark III / 5DIII / 5D3 Digital Camera Repair Part,6003.0,7503,100,"4.4 out of 5 stars 9,813",4.4,9813,Sony,19.99
USB/HDMI DC in/Video Out Rubber Door Bottom Cover Compatible with Sory A7iii ILCE-7M3 /M3 A7M3 ILCE Digital Camera Repair Part (Color,10378.0,12972,100,"4.4 out of 5 stars 9,813",4.4,9813,Fujifilm,20.0
USB/HDMI DC in/Video Out Rubber Door Bottom Cover Compatible with Sory A7iii ILCE-7M3 /M3 A7M3 ILCE Digital Camera Repair Part (Color : 2),10378.0,12972,100,"4.4 out of 5 stars 9,813",4.4,9813,Sony,20.0
Lens Aperture Flex Kabel Compatible with Canon Zoom Ef 16-35 Mm 1:2.8 L Iii USM Reparatie Deel,6813.0,8516,100,"4.4 out of 5 stars 9,813",4.4,9813,Fujifilm,20.0
USB/HDMI DC in/Video Out Rubber Door Bottom Cover Compatible with Sory A7iii ILCE-7M3 /M3 A7M3 ILCE Digital Camera Repair Part (Color : 1 Set),10378.0,12972,100,"4.4 out of 5 stars 9,813",4.4,9813,Nikon,20.0
USB/HDMI-Compatible DC in/Video Out Rubber Door Bottom Cover Compatible with Canon 5D Mark IV 5D4 5DIV USB Rubber Cover Repair Part,6975.0,8718,100,"4.4 out of 5 stars 9,813",4.4,9813,Nikon,19.99
USB/HDMI DC in/Video Out Rubber Door Bottom Cover Compatible with Sory A7iii ILCE-7M3 /M3 A7M3 ILCE Digital Camera Repair Part (Color : 3),10378.0,12972,100,"4.4 out of 5 stars 9,813",4.4,9813,Nikon,20.0
Compatible with Canon 600EX / 600EX-RT Flash Tube Xenon Lamp Repair Replacement Parts Speedlite,6651.0,8313,100,"4.4 out of 5 stars 9,813",4.4,9813,Sony,19.99
Body Rubber Front Cover and Back Cover Rubber Compatible with Canon EOS 6D 6d Repair Spare Parts (Color : Handle Rubber),7299.0,9123,100,"4.4 out of 5 stars 9,813",4.4,9813,Nikon,19.99
Compatible with Canon EOS Rebel T6i (EOS 750D / Kiss X8i) Rubber Cover + Tape (Color : Side Rubber),8433.0,10541,100,"4.4 out of 5 stars 9,813",4.4,9813,Nikon,20.0
LCD Screen Window Display Outer Glass Compatible with Canon EOS 1300D,7481.0,9351,100,"4.4 out of 5 stars 9,813",4.4,9813,Fujifilm,20.0
95% New LCD Hing Rotate Shaf with Cable Repair Parts Compatible with Canon EOS 750D 760D,25065.0,31331,100,"4.4 out of 5 stars 9,813",4.4,9813,Fujifilm,20.0
LCD Display Screen Repair Compatible with Sony Cyber-Shot DSC - W710 W710 Digital Camera,7461.0,9326,100,"4.4 out of 5 stars 9,813",4.4,9813,Sony,20.0
Compatible with Canon EOS Rebel T6i (EOS 750D / Kiss X8i) Rubber Cover + Tape (Color : Thumb Rubber),6813.0,8516,100,"4.4 out of 5 stars 9,813",4.4,9813,Sony,20.0
3.0 inch LCD Display Screen Compatible with Fujifilm S1600 S1770 S1800 S2500 S2800 S2900 S3200 S2950 S4050 Digital Camera,7461.0,9326,100,"4.4 out of 5 stars 9,813",4.4,9813,Nikon,20.0
Compatible with Canon EOS Rebel T6i (EOS 750D / Kiss X8i) Rubber Cover + Tape (Color : 1 Set),15995.0,19993,100,"4.4 out of 5 stars 9,813",4.4,9813,Sony,20.0
Diffuser Plate Wide Panel Assembly Astigmatism Plate Repair Parts Compatible with Canon Speedlite 600EX-RT / 600EX II-RT Flash (Size : 600EX II-RT),10864.0,13580,100,"4.4 out of 5 stars 9,813",4.4,9813,Sony,20.0
Diffuser Plate Wide Panel Assembly Astigmatism Plate Repair Parts Compatible with Canon Speedlite 600EX-RT / 600EX II-RT Flash (Size : 600EX RT),12305.0,15381,100,"4.4 out of 5 stars 9,813",4.4,9813,Nikon,20.0
Body Rubber Front Cover and Back Cover Rubber Compatible with Canon EOS 6D 6d Repair Spare Parts (Color : Side Rubber),7299.0,9123,100,"4.4 out of 5 stars 9,813",4.4,9813,Fujifilm,19.99
LCD Display Screen Compatible with Samsung ES70 ES71 ES73 ES74 ES75 ES78 PL100 PL101 TL205 SL600 SL605 ST93 ST77 ST66 ST76 Camera,13041.0,16301,100,"4.4 out of 5 stars 9,813",4.4,9813,Sony,20.0
Compatible with Nikon D7100 D7200 D5300 SD Memory Card Reader Slot Holder Camera Repair Replacement Spare Part,6489.0,8111,100,"4.4 out of 5 stars 9,813",4.4,9813,Sony,20.0
Outer LCD Screen Display/Window Glass Replacement Compatible with Canon EOS 1100D;DS126291;,6003.0,7503,100,"4.4 out of 5 stars 9,813",4.4,9813,Fujifilm,19.99
EF 24-70 2.8 II Lens Eccentric Collar Guide YB2-3762 Compatible with Canon 24-70mm 2.8L II USM Replacement Unit Repair Spare Part (Size : 4 PCS),15995.0,19993,100,"4.4 out of 5 stars 9,813",4.4,9813,Fujifilm,20.0
Top Cover Assembly Repair Parts Compatible with Canon EOS 6D Mark II ; 6DII 6D2 SLR,39517.0,49396,100,"4.4 out of 5 stars 9,813",4.4,9813,Nikon,20.0
Size 2.4 inch New LCD Display Screen Repair Parts Compatible with Olympus T-100 T100 Digital Camera,7785.0,9731,100,"4.4 out of 5 stars 9,813",4.4,9813,Nikon,20.0
EF 24-70 2.8 II Lens Eccentric Collar Guide YB2-3762 Compatible with Canon 24-70mm 2.8L II USM Replacement Unit Repair Spare Part (Size : 3 PCS),13074.0,16342,100,"4.4 out of 5 stars 9,813",4.4,9813,Sony,20.0
LCD Display Screen Compatible with Olympus SZ10 SZ11 SZ12 SZ20 SZ14 SZ16 SZ30 SZ-10 SZ-11 SZ-12 SZ-20 SZ-14 SZ-16 SZ-30 Digital Camera,9568.0,11960,100,"4.4 out of 5 stars 9,813",4.4,9813,Sony,20.0
Compatible with Samsung PL20 PL120 ST93 ST77 PL121 Digital Camera LCD Display Screen,10540.0,13175,100,"4.4 out of 5 stars 9,813",4.4,9813,Nikon,20.0
EOS 6D Key Flex Compatible with Canon 6D Button Direction Key Camera Repair Parts,5678.0,7097,100,"4.4 out of 5 stars 9,813",4.4,9813,EOS,19.99
EF 24-70 2.8 II Lens Eccentric Collar Guide YB2-3762 Compatible with Canon 24-70mm 2.8L II USM Replacement Unit Repair Spare Part (Size : 1 PCS),7137.0,8921,100,"4.4 out of 5 stars 9,813",4.4,9813,Fujifilm,20.0
Compatible with Yongnuo Flash Speedlite Metal hot Shoe Foot for Repair fix YN560IV YN560III,8433.0,10541,100,"4.4 out of 5 stars 9,813",4.4,9813,Sony,20.0
Lens Repair Parts Compatible with Canon 24-70mm 24-70 f/2.8L II USM Front Lens Barrel UV Lens Tube Ring Assembly (Gen 2),14919.0,18648,100,"4.4 out of 5 stars 9,813",4.4,9813,Sony,20.0
Dial Mode Interface Cap Compatible with Canon EOS 7D Mark II 7D2 Mode dial,7299.0,9123,100,"4.4 out of 5 stars 9,813",4.4,9813,Sony,19.99
LCD Display Screen Compatible with Nikon D7000 D-7000 Digital Camera Repair Part + Backlight,13689.0,17111,100,"4.4 out of 5 stars 9,813",4.4,9813,Fujifilm,20.0
1pcs Battery Compartment Door Cover Compatible with Yongnuo Flash Speedlite YN600EX-RT YN685 YN660,6327.0,7908,100,"4.4 out of 5 stars 9,813",4.4,9813,Nikon,19.99
Body Rubber Cover Front Grip Rubber Side Rear Thumb Rubber Repair Parts Compatible with Fujifilm X-T30 XT30 Camera,14150.0,17687,100,"4.4 out of 5 stars 9,813",4.4,9813,Fujifilm,20.0
LCD Display Touch Screen Monitor Replacement Compatible with Sony NEX-C3 NEXC3 NEX-3C NEX-7 NEX5 NEX-5 NEX-3 NEX-6 NEX-5C,8109.0,10136,100,"4.4 out of 5 stars 9,813",4.4,9813,Sony,20.0
"Rear Bayonet mounting Ring for Nikon AF-P Lens, Part 70-300, 6.3 4.5-G f / 300-4.5G ED DX",12613.0,15766,100,"4.4 out of 5 stars 9,813",4.4,9813,Fujifilm,20.0
LCD Display Screen Compatible with Kodak C513 C613 C713 C813 C913 C140 C160 C180 CD22 Digital Camera,7299.0,9123,100,"4.4 out of 5 stars 9,813",4.4,9813,Sony,19.99
5 Sets/Shutter Blade Curtain Repair Parts Compatible with Canon EOS 5D ; 5D Mark II;5DII 5D2 DS126091 DS126201 SLR,11690.0,14612,100,"4.4 out of 5 stars 9,813",4.4,9813,Fujifilm,20.0
LCD Display Screen Compatible with Samsung ES10 ES15 ES17 ES19 ES25 ES28 ES48 ES50 ES55 ES60 ES65 ES67 SL30 SL50 Digital Camera,14784.0,18480,100,"4.4 out of 5 stars 9,813",4.4,9813,Nikon,20.0
LCD Display Screen Compatible with Panasonic SDR-S7GK S26 H85 S50 S45 D3 S70 S71 S15 T50 T55 H101 SW20 GS80 GS85 GS330 GS500 GS328 GS508,7299.0,9123,100,"4.4 out of 5 stars 9,813",4.4,9813,Fujifilm,19.99
LCD Display Screen Compatible with Samsung PL150 TL210 PL170 PL171 PL210 PL221 with Backlight,7299.0,9123,100,"4.4 out of 5 stars 9,813",4.4,9813,Nikon,19.99
1Set of 4PCS Lens Zoom Gears Repair Parts Compatible with Nikon coolpix P900 P900S Digital Camera,13228.0,16535,100,"4.4 out of 5 stars 9,813",4.4,9813,Nikon,20.0
1PCS Compatible with Nikon D600 D610 D7100 D7000 Bottom Leather Plug Next to The Battery Compartment Small Leather Plug Rubber New,6651.0,8313,100,"4.4 out of 5 stars 9,813",4.4,9813,Fujifilm,19.99
Bayonet Hood HB-89 HB89 Compatible with Nikon Nikkor Z 35mm f/1.8 S Lens,12151.0,15188,100,"4.4 out of 5 stars 9,813",4.4,9813,Nikon,20.0
New Touch LCD Display Screen with Backlight Compatible with Canon EOS 750D 760D 77D 800D,13996.0,17495,100,"4.4 out of 5 stars 9,813",4.4,9813,Fujifilm,20.0
Focus Direct Drive Super Sonic Wave Motor Assy Repair Parts Compatible with Sony FE 24-105mm F4 G OSS SEL24105G Lens,31061.0,38826,100,"4.4 out of 5 stars 9,813",4.4,9813,Fujifilm,20.0
LCD Display Screen Assy with Hinge Repair Parts Compatible with Sony RX100M5 RX100M5A RX100V Camera,32585.0,40731,100,"4.4 out of 5 stars 9,813",4.4,9813,Sony,20.0
Used Iris Aperture Assy Repair Parts Compatible with Nikon D800 D800e SLR,24912.0,31140,100,"4.4 out of 5 stars 9,813",4.4,9813,Sony,20.0
Rear Control dial Switch Assy Repair Parts Compatible with Sony DSC-RX100M3 DSC-RX100M4 RX100IV RX100III Digital Camera,11844.0,14805,100,"4.4 out of 5 stars 9,813",4.4,9813,Fujifilm,20.0
Pellicle (Translucent) Mirror P.O.I (L) Service A1976037A Parts Compatible with Sony LA-EA4 EA4 Adapter,23374.0,29217,100,"4.4 out of 5 stars 9,813",4.4,9813,Nikon,20.0
Touch LCD Display Screen with Backlight Compatible with YI 4K+ (4K Plus) Action Camera,16522.0,20652,100,"4.4 out of 5 stars 9,813",4.4,9813,Nikon,20.0
Rear Menu Function Switch Board FPC Repair Part Compatible with Canon Powershot SX720 HS PC2272 Digital Camera,11026.0,13782,100,"4.4 out of 5 stars 9,813",4.4,9813,Nikon,20.0
New Touch LCD Display Screen with Backlight Repair Parts Compatible with Nikon Z50 SLR,18301.0,22876,100,"4.4 out of 5 stars 9,813",4.4,9813,Sony,20.0
5PCS Aperture Gear Unit Repair Parts Compatible with Nikon 1 VR 10-30mm f/3.5-5.6 +10-100mm + 11-27.5mm Lens,7137.0,8921,100,"4.4 out of 5 stars 9,813",4.4,9813,Sony,20.0
1PCS LCD Screen Display Top Small Outer Glass Protector Window Compatible with Canon 5D2 5D3 6D 7D 60D 70D 6D2 7D2 5DS 5D4 (Color : 1200D),6489.0,8111,100,"4.4 out of 5 stars 9,813",4.4,9813,Nikon,20.0
Compatible with Canon EOS 30 EOS 50 for EOS30 EOS50 Rear Hook Back/Lock Catch Hook/Door Buckle/Hook (Color : 5PCS),16610.0,20762,100,"4.4 out of 5 stars 9,813",4.4,9813,Nikon,20.0
Compatible with Canon EOS 30 EOS 50 for EOS30 EOS50 Rear Hook Back/Lock Catch Hook/Door Buckle/Hook (Color : 1PCS),8433.0,10541,100,"4.4 out of 5 stars 9,813",4.4,9813,Fujifilm,20.0
Compatible with Canon EOS 30 EOS 50 for EOS30 EOS50 Rear Hook Back/Lock Catch Hook/Door Buckle/Hook (Color : 2PCS),10540.0,13175,100,"4.4 out of 5 stars 9,813",4.4,9813,Fujifilm,20.0
Big Touch LCD Display Screen with Backlight Repair Parts Compatible with GoPro Hero 6 & 7 Actioncam,11026.0,13782,100,"4.4 out of 5 stars 9,813",4.4,9813,Nikon,20.0
Base Bottom Cover/Lower Cap Bottom Cover Base Shell Repair Parts Compatible with Nikon D7000 SLR,11229.0,14036,100,"4.4 out of 5 stars 9,813",4.4,9813,Fujifilm,20.0
Touch LCD Display Screen with Backlight Repair Parts Compatible with Nikon Z6 Z7 mirrorless,30293.0,37866,100,"4.4 out of 5 stars 9,813",4.4,9813,Fujifilm,20.0
1PCS LCD Screen Display Top Small Outer Glass Protector Window Compatible with Canon 5D2 5D3 6D 7D 60D 70D 6D2 7D2 5DS 5D4 (Color : 1300D),6489.0,8111,100,"4.4 out of 5 stars 9,813",4.4,9813,Nikon,20.0
Use Parts 90% New Compatible with Nikon D610 Shutter Unit with Blade Curtain Motor Assembly,35212.0,44015,100,"4.4 out of 5 stars 9,813",4.4,9813,Fujifilm,20.0
Camera Memory Card SD Card Slot Repair Part Compatible with Canon EOS 100D 77D 750D 760D 800D 6D2 3000D SD Card (Color : Black),6813.0,8516,100,"4.4 out of 5 stars 9,813",4.4,9813,Nikon,20.0
1PCS LCD Screen Display Top Small Outer Glass Protector Window Compatible with Canon 5D2 5D3 6D 7D 60D 70D 6D2 7D2 5DS 5D4 (Color : 5D2),6489.0,8111,100,"4.4 out of 5 stars 9,813",4.4,9813,Nikon,20.0
"3.0 Inch 4K Video Camera, WiFi Camera Recorder with Digital Zoom 4K 56MP 16X, Full HD Vlog Camera with Touch Screen, Self-Portrait Compatible, Face Record",25527.0,31908,100,"4.4 out of 5 stars 9,813",4.4,9813,Nikon,20.0
"Camera EOS 60D 18 MP CMOS Digital SLR Camera with with 18-55SII Kit Lens, Memory Card Digital Camera (Size : with Lens)",167494.0,209367,100,"4.4 out of 5 stars 9,813",4.4,9813,Fujifilm,20.0
Camera D90 12.3MP DX-Format CMOS Digital SLR Camera with 18-105 Mm F/3.5-5.6G ED AF-S VR DX Zoom Lens Digital Camera (Color : Body),118759.0,148448,100,"4.4 out of 5 stars 9,813",4.4,9813,Sony,20.0
Camera 600D Rebel T3i DSLR Camera with 18-55mm Lens Digital Camera,163958.0,204947,100,"4.4 out of 5 stars 9,813",4.4,9813,Nikon,20.0
Camera EOS 550D 18 MP CMOS APS-C Digital SLR Camera with 3.0-Inch LCD and with EF-S 18-55mm F/3.5-5.6 is II Lens Digital Camera,122756.0,153445,100,"4.4 out of 5 stars 9,813",4.4,9813,Nikon,20.0
Camera D3200 DSLR with 18-55mm Lens Digital Camera,130596.0,163245,100,"4.4 out of 5 stars 9,813",4.4,9813,Nikon,20.0
Camera EOS 600D Digital SLR Camera with 18-55IIS/ 18-55IS STM Lens Digital Camera (Size : NO with Lens),133210.0,166512,100,"4.4 out of 5 stars 9,813",4.4,9813,Sony,20.0
"Camera EOS 60D 18 MP CMOS Digital SLR Camera with with 18-55SII Kit Lens, Memory Card Digital Camera (Size : NO with Lens)",151659.0,189573,100,"4.4 out of 5 stars 9,813",4.4,9813,Nikon,20.0
Camera D5200 DSLR Camera with 18-55mm Lens Kits Digital Camera,151044.0,188805,100,"4.4 out of 5 stars 9,813",4.4,9813,Sony,20.0
Camera EOS 600D Digital SLR Camera with 18-55IIS/ 18-55IS STM Lens Digital Camera (Size : with 18-55IIS Lens),164419.0,205523,100,"4.4 out of 5 stars 9,813",4.4,9813,Fujifilm,20.0
Camera D3200 DSLR Camera with 18-55 Lens Kits Digital Camera,125216.0,156520,100,"4.4 out of 5 stars 9,813",4.4,9813,Nikon,20.0
Camera 60D DSLR Camera Digital Camera (Size : Body Without Lens),151812.0,189765,100,"4.4 out of 5 stars 9,813",4.4,9813,Fujifilm,20.0
Camera 600D Rebel T3i DSLR Camera with 18-55mm Lens Digital Camera,157347.0,196683,100,"4.4 out of 5 stars 9,813",4.4,9813,Fujifilm,20.0
Camera EOS 1200D - Digital Camera with 18-55mm Lens Kits Digital Camera (Size : Body ONLY),122448.0,153060,100,"4.4 out of 5 stars 9,813",4.4,9813,Nikon,20.0
Camera D3200 24.2 MP CMOS Digital SLR Camera with 18-55mm F/3.5-5.6G ED II Zoom Lens Digital Camera,143818.0,179772,100,"4.4 out of 5 stars 9,813",4.4,9813,Sony,20.0
Camera EOS 7D 18 MP CMOS Digital SLR Camera Body Only Digital Camera,152581.0,190726,100,"4.4 out of 5 stars 9,813",4.4,9813,Nikon,20.0
Camera EOS 600D Digital SLR Camera with 18-55IIS/ 18-55IS STM Lens Digital Camera (Size : with 18-55IIS Lens),157501.0,196876,100,"4.4 out of 5 stars 9,813",4.4,9813,Sony,20.0
"Camera Digital Camera DSLR D7300 33Million Pixel Auto Focus Professional SLR Video Camera Optical Zoom 24X Lens 3 HD with Tripod Digital Camera (Size : with 32G SD Card, Color : D7300 EU)",108612.0,135765,100,"4.4 out of 5 stars 9,813",4.4,9813,Nikon,20.0
"Camera Digital Camera DSLR D7300 33Million Pixel Auto Focus Video Camera SLR Professional Optical Zoom 24X Lens 3 HD with Tripod Digital Camera (Size : with 16G SD Card, Color : D7300 US)",107690.0,134612,100,"4.4 out of 5 stars 9,813",4.4,9813,Nikon,20.0
Camera EOS 1200D - Digital Camera with 18-55mm Lens Kits Digital Camera (Size : with 18-55MM Lens),158577.0,198221,100,"4.4 out of 5 stars 9,813",4.4,9813,Nikon,20.0
Camera EOS 1300D DSLR Camera Body with Single Lens: EF-S 18-55 is II Digital Camera (Size : Camera Body only),162267.0,202833,100,"4.4 out of 5 stars 9,813",4.4,9813,Sony,20.0
Camera D90 12.3MP DX-Format CMOS Digital SLR Camera with 18-105 Mm F/3.5-5.6G ED AF-S VR DX Zoom Lens Digital Camera (Color : with 18-105MM Lens),166571.0,208213,100,"4.4 out of 5 stars 9,813",4.4,9813,Nikon,20.0
Camera D5200 DSLR Camera with 18-55mm Lens Kits Digital Camera,150121.0,187651,100,"4.4 out of 5 stars 9,813",4.4,9813,Fujifilm,20.0
"Camera EOS 60D 18 MP CMOS Digital SLR Camera with with 18-55SII Kit Lens, Memory Card Digital Camera (Size : NO with Lens)",149045.0,186306,100,"4.4 out of 5 stars 9,813",4.4,9813,Sony,20.0
Camera EOS 550D 18 MP CMOS APS-C Digital SLR Camera with 3.0-Inch LCD and with EF-S 18-55mm f/3.5-5.6 is II Lens Digital Camera,122295.0,152868,100,"4.4 out of 5 stars 9,813",4.4,9813,Sony,20.0
Camera EOS 7D 18 MP CMOS Digital SLR Camera Body Only Digital Camera,149660.0,187075,100,"4.4 out of 5 stars 9,813",4.4,9813,Fujifilm,20.0
"4K 48MP Digital Camera, 2.7in LCD 8x Zoom Camera, Portable HD Vlogging Camera Pocket Video Camera, Built in Fill Light",12828.0,16035,100,"4.4 out of 5 stars 9,813",4.4,9813,Nikon,20.0
"Digital Camera, 4K 48MP 8x Zoom Lightweight Portable Vlogging Camera Compact Pocket Camera, with Built-in Fill Light 2.7 Inch LCD, Rechargeable Small Camera for Teens Study",9889.0,12361,100,"4.4 out of 5 stars 9,813",4.4,9813,Sony,20.0
"LP-E8 Dual Channel LCD USB Charger for Canon EOS 550D, EOS 600D, EOS 650D, EOS 700D, EOS Kiss X4, X5, X6i, EOS Rebel T2i, EOS Rebel T3i, EOS Rebel T4i, Rebel T5i Camera and More",3748.0,0,100,"4.4 out of 5 stars 9,813",4.4,9813,Sony,0.0
"Digital Camera, WiFi USB High Definition 3 Inch LCD Screen 180 Degree Rotation 2.7K 48MP Digital Video Chat Camera for Windows for OS X System",15070.0,18837,100,"4.4 out of 5 stars 9,813",4.4,9813,Fujifilm,20.0
"Wide Angle Bag Bellows for Toyo 45G, 45G II, 45GX, 45C 45E Omega 45D 4x5 Camera",27984.0,34980,100,"4.4 out of 5 stars 9,813",4.4,9813,Fujifilm,20.0
Genuine Leather Wide Angle Bag Bellows for Linhof Kardan Color E GT GTL 45S 4x5,31067.0,38833,100,4.5 out of 5 stars 467,4.5,467,Fujifilm,20.0
Genuine Leather Wide Angle Bag Bellows for Linhof Kardan Color E GT GTL 45S 4x5,31067.0,38833,100,"4.4 out of 5 stars 9,813",4.4,9813,Fujifilm,20.0
"Konica AR Lens to Canon EOS M EF-M Mirrorless Camera Adapter, fits Canon M1, M2, M3 M10 Mirrorless Camera",3925.0,5609,100,4.5 out of 5 stars 467,4.5,467,Nikon,30.02
Canon DSLR Cheat Sheets Tip Cards for 80D 77D 70D EOS Rebel T7i T7 T6i T6 SL2 SL1 T5 T4 T3 60D 50D M10 M6 M5 M3 M50 M100 7D Mk II 6D 5D Mk IV III 5DS 1D X Digital Photography Camera How To Guide,4270.03,0,100,"4.4 out of 5 stars 9,813",4.4,9813,Canon,0.0
Lumix DMC-GF3 12 MP Micro 4/3 Compact System Camera with 3-Inch Touch-Screen LCD Body Only (Black),83187.0,103983,100,4.3 out of 5 stars 14,4.3,14,Lumix,20.0
NEAP-452 QUICK REPLACEMENT FOOT,11678.17,0,100,4.9 out of 5 stars 13,4.9,13,Fujifilm,0.0
